{
    "keep": {
        "days": true,
        "amount": 30
    },
    "auditLog": "logs/.0c92ca7220d284c859d45e4c5085859253d27451-audit.json",
    "files": [
        {
            "date": 1700092731702,
            "name": "logs/2023-11-16-combined.log",
            "hash": "0ed6ac4c2501521f6261b3ea8e606575104a9a7ef4d5b2b6f93426f58dc2c8ef"
        },
        {
            "date": 1700159400016,
            "name": "logs/2023-11-17-combined.log",
            "hash": "85793f71d171a28e525b3249725922cffe130c8309f986ae5d918c94271a469c"
        }
    ],
    "hashType": "sha256"
}