{
    "keep": {
        "days": true,
        "amount": 30
    },
    "auditLog": "logs/.224a8b7171c2670977a2ac1e550cd381234bf639-audit.json",
    "files": [
        {
            "date": 1700343322457,
            "name": "logs/2023-11-19-combined.log",
            "hash": "71f6f2f99a8706c0f95f495d4659f7ced6ed4504908915b08e5dee1ac19a484e"
        },
        {
            "date": 1700481167006,
            "name": "logs/2023-11-20-combined.log",
            "hash": "b169c2a35dd76f0d70e6951dc580601171e79006700059586f8a89d69968d058"
        }
    ],
    "hashType": "sha256"
}