{
    "keep": {
        "days": true,
        "amount": 30
    },
    "auditLog": "logs/.f61d0a8844ff2b87cd1ed9530058f75c3d930cd9-audit.json",
    "files": [
        {
            "date": 1700092731700,
            "name": "logs/2023-11-16-error.log",
            "hash": "e0f8291c3e2817ad672121517918c3e77ff8980ca21d5d1d173a65d4693d2be9"
        },
        {
            "date": 1700159439417,
            "name": "logs/2023-11-17-error.log",
            "hash": "27dd7a330d4f2c00a5236562016c9bcabfdcbaaef8fbe4068640aadcb49cecb1"
        },
        {
            "date": 1700343322452,
            "name": "logs/2023-11-19-error.log",
            "hash": "5ac5117a928e68d9fe9921de4e6aeb3a995e8271154b19539313ed5f0f9b1d75"
        },
        {
            "date": 1700481167001,
            "name": "logs/2023-11-20-error.log",
            "hash": "bcbb20f70e5aaeba6acbc8894801fbc2c99bd3421fc94d65a83d0e70b71869ed"
        }
    ],
    "hashType": "sha256"
}